Algorithm,Size,RerouteRuntimeSec,Efficiency_Gain,StaticCost,ReroutedCost
A_Star,20,0.0003082752227783203,85.75,17.099999999999998,2.4375
A_Star,50,0.0006568431854248047,84.16,5.05,0.8
A_Star,100,0.01663517951965332,35.3,14.837499999999999,9.600000000000014
A_Star,500,1.0373876094818115,29.42,31.52499999999988,22.249999999999954
A_Star,1000,7.014173746109009,13.78,104.87500000000175,90.42500000000102

A_Star,20,0.0007252693176269531,100.0,100000000,16.325
